{
    "dataset_size": 1168,
    "rmse": 32792.862469057596,
    "r2_score": 0.8598010306384494
}